{
    "author": [
        "Kreusada"
    ],
    "description": "Clear your Red console.",
    "disabled": false,
    "end_user_data_statement": "This cog does not persistently store data or metadata about users.",
    "hidden": false,
    "install_msg": "Thanks for installing, have fun. Please refer to my docs if you need any help: https://kreusadacogs.readthedocs.io/en/latest/cog_consoleclearer.html",
    "name": "ConsoleClearer",
    "required_cogs": {},
    "requirements": [],
    "short": "Completely clear your Red console.",
    "tags": [
        "Console",
        "Clear"
    ],
    "type": "COG"
}
